rgn_id,year,trend
1,2016,0.280981697868241
2,2016,0.280981697868241
3,2016,0.280981697868241
4,2016,0.280981697868241
5,2016,0.280981697868241
6,2016,0.280981697868241
7,2016,0.280981697868241
8,2016,0.280981697868241
