rgn_id,resilience.score
1,0.331301519479
2,0.331301519479
3,0.331301519479
4,0.331301519479
5,0.331301519479
6,0.331301519479
7,0.331301519479
8,0.331301519479
