"region_id","value"
5,0.00136712095864
6,0.00085864887722
7,0.00010438479949
10,0.109287349414
11,0.109245368494
13,0.00027370189435
18,0.0132015004188
19,0.0272653753937
26,0.0007751608377
29,0.00271374628798
98,0.00059133192343
109,0.00013180654255
111,1.295083288e-05
118,0.00085079230033
122,0.00017266169207
152,0.103840043705
153,0.00024478224816
155,0.00167876863332
156,0.0901691569407
157,0.0960002914866
158,0.25366568915
159,0.00327256749422
163,0.0007700170816
165,0.023715178918
