rgn_id,value
1,0.5832177930095
2,0.5832177930095
3,0.5832177930095
4,0.5832177930095
5,0.5832177930095
6,0.5832177930095
7,0.5832177930095
8,0.5832177930095
