rgn_id,year,pressure_score
1,2015,0.22874559989736
2,2015,0.22874559989736
3,2015,0.22874559989736
4,2015,0.22874559989736
5,2015,0.22874559989736
6,2015,0.22874559989736
7,2015,0.22874559989736
8,2015,0.22874559989736
