rgn_id,area_km2
1,5698085.41588
2,5698085.41588
3,5698085.41588
4,5698085.41588
5,5698085.41588
6,5698085.41588
7,5698085.41588
8,5698085.41588
