rgn_id,pressures.score
1,0.259772406470939
2,0.259772406470939
3,0.259772406470939
4,0.259772406470939
5,0.259772406470939
6,0.259772406470939
7,0.259772406470939
8,0.259772406470939
