rgn_id,score
1,0.909228037731482
2,0.909228037731482
3,0.909228037731482
4,0.909228037731482
5,0.909228037731482
6,0.909228037731482
7,0.909228037731482
8,0.909228037731482
