rgn_id,score
1,-0.10886062765473
2,-0.10886062765473
3,-0.10886062765473
4,-0.10886062765473
5,-0.10886062765473
6,-0.10886062765473
7,-0.10886062765473
8,-0.10886062765473
