"region_id","value"
17,0.0324911452184
52,-0.0368835198936
53,-0.0932408187969
56,-0.00803650672229
107,-0.106193885669
116,0.0126306020994
125,-0.0565176617693
126,0.00685961397109
127,0.0112001473704
129,0.00499609679938
131,0.0311393431545
140,-0.0813960366755
159,0.0225268216739
160,-0.0627766599598
162,-0.00198439589147
166,-0.00356719505661
167,-0.507936507937
168,-0.0141860928472
169,-0.0227281985883
