"rgn_id","pressure_score"
260,0.532234458676641
261,0.852647174152182
262,0.827223744369179
263,0.926457062338397
264,0.868689274113986
266,0.814161462673452
267,0.764065796888398
269,0.846790942660201
270,0.77638211871521
272,0.815508986327196
273,0.695389035531924
274,0.855702568532699
275,0.807207001801649
276,0.76302551272265
277,0.716707585754706
