"rgn_id","pressure_score"
260,0.0464068779745646
261,0.123873438063397
262,0.20352520908624
263,0.22085935349523
264,0.21138247293371
266,0.131452230001791
267,0.106299496453842
269,0.123701883730488
270,0.0774843010064255
272,0.15687364227571
273,0.0863710527502051
274,0.0971309235073215
275,0.0242743802993735
276,0.135883030870932
277,0.00402546657713729
