"rgn_id","pressure_score"
260,0.729754432502948
261,0.871789157937274
262,0.807007504215648
263,0.80452230757644
264,0.793517984003667
266,0.836963328100845
267,0.856809249758377
269,0.826128288321079
270,0.84651724711016
272,0.82257644231137
273,0.868355591713318
274,0.737123237744108
275,0.772219585355766
276,0.861876993372062
277,0.821741650159175
