"rgn_id","pressure_score"
260,0.729756285966698
261,0.871930620559579
262,0.807293298774922
263,0.804749168505632
264,0.793671239347092
266,0.837150175226684
267,0.856838070673478
269,0.826318793426512
270,0.846504599569732
272,0.82286221389639
273,0.868151839244095
274,0.736993285761997
275,0.772187038002211
276,0.861845639409304
277,0.821707513302159
