"rgn_id","pressure_score"
260,0
261,0.00696642417337137
262,0.00636666991663351
263,0.029211130491389
264,0.0899619928446139
266,0.0121433808516882
267,0.00995477695728524
269,0.084121068989038
270,0.0578626843333963
272,0.140068698988883
273,0.0119239274997057
274,0.716670405669109
275,0.0432981578845842
276,0.00544328230359688
277,0.0913290254274516
