"rgn_id","pressure_score"
260,2.19734263447604e-08
261,0.0101968392560124
262,0.00768038990755323
263,0.00536084988726299
264,0.00279915854790605
266,0.00847946567600981
267,0.000212633025783049
269,0.0113276948581272
270,0.0122561920062169
272,0.0433281183937642
273,0.00249256876524805
274,0.0726851707348516
275,0.00608615836795578
276,0.00248561929892253
277,0.0197354379268146
