"rgn_id","score"
260,0.47000086579535
261,0.599881473316761
262,0.582765907365192
263,0.737734593749838
264,0.701867728291654
266,0.72682490529875
267,0.718198239419069
269,0.723530872184524
270,0.727662275578405
272,0.675458218649148
273,0.659389521682771
274,0.774695195324452
275,0.714267200938067
276,0.703865429943944
277,0.699619662894639
