"rgn_id","pressure_score"
261,0.00174539407914895
262,0.000429607329947635
263,3.81530814128461e-05
264,2.26155295661063e-05
266,0.000559308631290414
267,5.68706797873305e-06
269,0.000145413026228949
270,0.000107289080185761
272,0.000218830011141838
273,7.24437050879764e-05
274,0.000182771819448121
275,1.63846298470625e-05
276,0.000117621022204663
277,2.89301394283934e-05
260,0
