"rgn_id","pressure_score"
"260",0
"261",0.00214657616661005
"262",0.000528255463693602
"263",4.48002973913826e-05
"264",2.85082727653855e-05
"266",0.000689666230490678
"267",6.81927568559029e-06
"269",0.00017944526799101
"270",0.000131523567580883
"272",0.000267828466789369
"273",9.08390298253519e-05
"274",0.000220274782237936
"275",2.01141790776197e-05
"276",0.00014191563940792
"277",3.57407267909746e-05
