"rgn_id","score"
260,0.750557753538302
261,0.774179027030843
262,0.791444769336011
263,0.806392111784323
264,0.814091142884375
266,0.794509091277245
267,0.797140078741323
269,0.820213657618472
270,0.799336357624281
272,0.790985500618707
273,0.802281823832401
274,0.82487601330128
275,0.787666859886602
276,0.780501977308886
277,0.777579044442798
