"rgn_id","score"
260,-0.462358706908101
261,-0.208410652729206
262,-0.19407297890034
263,-0.217246109075809
264,-0.246176123853133
266,-0.238482234874097
267,-0.24574897493999
269,-0.231824100603029
270,-0.223862301642911
272,-0.120180454520438
273,-0.0516395993668098
274,-0.184304777839454
275,-0.191045637789243
276,-0.200262955977469
277,-0.220514174413245
