"rgn_id","score"
260,-0.493744577087153
261,-0.126572150266994
262,-0.138134641706581
263,-0.0192659693064584
264,-0.122301783685869
266,-0.00840076536362945
267,-0.0286708348130728
269,-0.0350986439782798
270,-0.0120201878181319
272,-0.0518929471075738
273,0.0435708158980887
274,0.0870218282682116
275,-0.081097303664292
276,-0.015934567574719
277,-0.0771380754129898
