"rgn_id","score"
260,47.000086579535
261,59.9881473316761
262,58.2773512062584
263,73.7734593749838
264,70.1867728291654
266,72.682490529875
267,71.8198202113126
269,72.3530872184524
270,72.7662275578406
272,67.5472566534487
273,65.9389521682771
274,77.5597640759035
275,71.4270091750447
276,70.3658949873354
277,69.9607777335135
