"rgn_id","score"
260,-0.462358706908101
261,-0.208410652729206
262,-0.194014199510575
263,-0.217246109075809
264,-0.246176123853133
266,-0.238482234874097
267,-0.24574896309431
269,-0.231824100603029
270,-0.223862301642911
272,-0.120155071762584
273,-0.0516395993668098
274,-0.18399977329058
275,-0.191048475163268
276,-0.200448407163357
277,-0.220551368027859
