"rgn_id","score"
260,75.0557753538302
261,77.4179027030843
262,79.145259984024
263,80.6392111784323
264,81.4091142884375
266,79.4509091277245
267,79.7140226998104
269,82.0213657618472
270,79.9336357624281
272,79.0996659253587
273,80.2281823832401
274,82.5168956906209
275,78.7668429654432
276,78.0758726948085
277,77.7589387595016
